row_id,text,image,true_label,bert_prediction,bert_confidence,clip_prediction,clip_confidence,vilt_prediction,vilt_confidence,blip_prediction,blip_confidence,caption,bert_correct,clip_correct,vilt_correct,blip_correct
110535,the town that turned poverty into a prison sentence,https://external-preview.redd.it/3VC6YaLEW9nVLsog5ZJL11rwpM-mPgK4tF-KQl6VScs.jpg?width=320&crop=smart&auto=webp&s=b6cb9c8f55b0752513645c7a7f66a3d6e2e463c8,1,1,0.99445241689682,0,0.6600464582443237,1,0.8755308389663696,0,0.594563901424408,"a sign that says, ' water dept '",True,False,True,False
107439,georgia state abortion law fuels hollywood boycott call,https://external-preview.redd.it/cxQLTI8pw3DWm8N2HEAua3B7lMsky-Y4Yolzltvv0kk.jpg?width=320&crop=smart&auto=webp&s=8e67bb22f369adf34181fdc8e8730fe0a26e3e36,1,1,0.9966964721679688,0,0.6892613172531128,0,0.9900269508361816,0,0.5268604159355164,alyssa adams in a red dress,True,False,False,False
32494,rare image of a young escobar in his former role as a fitness instructor before he became a drug lord londons west end circa,https://preview.redd.it/wfidsja2dnm21.jpg?width=320&crop=smart&auto=webp&s=1862ba26c7e5d0bd9df2b6676f6e761440b9e26a,0,0,0.9996579885482788,0,0.6946316361427307,1,0.8905967473983765,0,0.5613709092140198,a man in a black shirt and blue shorts is doing a squat,True,True,False,True
7796,all the notes i passed in school paint tin sized container in school from,https://preview.redd.it/9q2se7w8xk031.jpg?width=320&crop=smart&auto=webp&s=71bb36aa61a0e9108d8d727efaa9107ac90e0428,1,1,0.9979429841041564,1,0.5447440147399902,1,0.954131007194519,0,0.5694106817245483,a bucket full of paper and other things,True,True,True,False
63949,forbes sacks columnist over piece saying drunk female students pose gravest threat to frats writer responds i stand by every word,https://external-preview.redd.it/LKCcZ-LQLYFAGuqyHQdCK3HANqWloN099kxbwIpdM0c.jpg?width=320&crop=smart&auto=webp&s=46b8246cf161e46ee3f621728b861f5306c3919f,1,1,0.993147909641266,0,0.6931958198547363,1,0.5507914423942566,1,0.5094459652900696,the new york times website,True,False,True,True
5656,tibetan mastiff,https://external-preview.redd.it/CJSRXxQeOqr6LUoV4pB5XW3UQPi_JvaoLKCCY0hhDXA.jpg?width=320&crop=smart&auto=webp&s=5199bb8fef2cebe1f0d8a3b0e4ecacfb0fedef15,1,1,0.7691177129745483,0,0.6940725445747375,0,0.9928642511367798,0,0.5135815739631653,a woman sitting on a chair with a dog,True,False,False,False
28402,female students at queens sign up to sex for gifts dating site,https://external-preview.redd.it/FHioAJ6pW_APGiWICToG3CN5OYbUeHethJ0vnRDGzy0.jpg?width=320&crop=smart&auto=webp&s=9608445c93aeeb878bb16ea13a4e5ce949e660fa,1,1,0.99830424785614,0,0.6935921311378479,1,0.8671493530273438,0,0.5443232655525208,two girls standing in front of a chalk board,True,False,True,False
9792,seahawks coach pete carroll at training camp,https://external-preview.redd.it/PaZSs_fKDJAidW1H5YvKaR3YEb3cyhyPzR3Nr363q4k.jpg?width=320&crop=smart&auto=webp&s=d82345bbc7340ecba56e11ba1c116c47432ffcb7,1,1,0.9873910546302797,0,0.6946612596511841,1,0.9254608154296876,1,0.5055474042892456,a man in a blue jacket throwing a football,True,False,True,True
69216,a man found human hands in the snow russia says theyre probably just trash,https://external-preview.redd.it/Z4sOawgQL3BJrtdUVjLDqI6LBKMcgwNaXmd-nz28EU0.jpg?width=320&crop=smart&auto=webp&s=dc7d2b71baeb00ff3ffcb54f58074c3afe2f748b,1,1,0.9422033429145812,0,0.6807264089584351,1,0.6986663937568665,1,0.5136600732803345,a satellite image of the mississippi river,True,False,True,True
10196,this forkknifespoon,https://preview.redd.it/8zflez1mh5k21.jpg?width=320&crop=smart&auto=webp&s=c7a33d1380ef4080071b76324fdaa49a0557dc13,1,1,0.9241408705711364,1,0.6438031196594238,0,0.991856336593628,0,0.5661042928695679,a green spoon sitting on top of a wooden table,True,True,False,False
70530,silver falls state park georgia usa x oc,https://external-preview.redd.it/fVZ9Coy58oEhiUVL31zirMHNfosZiXmjxdJijbbacYk.jpg?width=320&crop=smart&auto=webp&s=7615dfd70f50a34ca3145dfed1544276c4590328,0,0,0.9713351726531982,1,0.6010156273841858,0,0.76181960105896,0,0.5117178559303284,a river running through a forest filled with trees,True,False,True,True
105394,san francisco cathedral will stop dousing sleeping homeless people with water,https://external-preview.redd.it/rbkoc9OAp2Xd1jk7r6ULfQb3DEUOZjcOnM8TxeNHuGI.jpg?width=320&crop=smart&auto=webp&s=cca31a4d7c64628a0d6b2b079c14ba9a774069f4,1,1,0.998067319393158,0,0.5655215382575989,1,0.9608508944511414,0,0.5062662959098816,the church of the immaculate in the city of los,True,False,True,False
29690,destroying italy,http://i.imgur.com/M73PbCd.jpg,0,0,0.99563866853714,0,0.6925637722015381,0,0.907005488872528,1,0.5171239376068115,a bear is jumping over a hill,True,True,True,False
15253,thats one criminally insane building,http://i.imgur.com/Edfaid9.jpg,0,0,0.9112327098846436,0,0.6946814656257629,1,0.513496458530426,0,0.5380074381828308,a building with a large face on the side,True,True,False,True
66040,parents just hung this in our guest room copy of the letter to my great great grandfather from king george v,https://preview.redd.it/woh9qcdbl9j11.jpg?width=320&crop=smart&auto=webp&s=9537f68bc8445a0d549db7301afe8f55d9167fb4,1,1,0.9898922443389891,1,0.5589715838432312,1,0.9751060009002686,0,0.5749901533126831,a black and white photograph of a man in a suit,True,True,True,False
82723,this guy edited wikipedia articles to fix a grammar error thats not even an error,https://external-preview.redd.it/idDOpWK2hp5XA1iJEqz3NJFDT_Qr6_kgijHsFPcjsOk.jpg?width=320&crop=smart&auto=webp&s=dd49005ce8ee4ff10bbfbf0a135ead53d96f14f2,1,1,0.9980868101119996,1,0.5637727975845337,1,0.8938534259796143,0,0.5403605103492737,"the book cover for the book, the book of the sea",True,True,True,False
47722,amber room of the catherine palace russia,https://external-preview.redd.it/gbSnWHsTOpqRtiHg8sUQDB9aMoqQafHK_w7oPmegqUU.jpg?width=320&crop=smart&auto=webp&s=48395934ed42459a51bacfcd50b46413ceb2a0c2,1,1,0.8308380842208862,0,0.6892305016517639,1,0.94802063703537,1,0.5047069191932678,a room with gold and red walls and ceiling,True,False,True,True
303,this seed looked as if it were floating in midair,https://preview.redd.it/q4vgjkv26s831.jpg?width=320&crop=smart&auto=webp&s=2c115678547bedae0753e231c4014611e56178eb,1,1,0.8401219248771667,1,0.5581669807434082,1,0.9181681275367736,0,0.5161385536193848,a leaf is in the air,True,True,True,False
80706,not about bathrooms critics decry north carolina laws lesserknown elements,https://external-preview.redd.it/LG3myoqfhilTaUo-8SSq9pwXRyXU6MSZy52tnxSznVI.jpg?width=320&crop=smart&auto=webp&s=f1c2d32e7d54b6d3242f2fb394b5b1592e079a0c,1,1,0.9982463121414183,0,0.6944283843040466,0,0.9922897219657898,0,0.5078787803649902,a man in a suit and tie sitting at a table,True,False,False,False
46404,el tornillo panama city,https://preview.redd.it/45dzskx911q31.jpg?width=320&crop=smart&auto=webp&s=84a412bc50e6faa6b30995e94a6108ec0767e481,1,1,0.8838921785354614,0,0.6882344484329224,0,0.9594663977622986,0,0.5099179148674011,a street with cars and buildings in the background,True,False,False,False
107166,beautiful girl takes selfies in a tight green dress,https://external-preview.redd.it/Y5uFht8g2SPj6NzLC2_bABOTm63dEaOGVY54wveMNTo.jpg?width=320&crop=smart&auto=webp&s=2ca237f7c6fce68506fb1a186416d4acd4d05360,0,0,0.9478759169578552,0,0.6941776275634766,0,0.9811809062957764,1,0.5043324828147888,a man with a tattoo on his arm,True,True,True,False
56777,this pop ice froze slow enough to separate the water from the flavor,https://preview.redd.it/tc101ulcshk31.jpg?width=320&crop=smart&auto=webp&s=f04bd76aaecdbf084900c8bf9e1bd55fdac1d172,1,1,0.9980810880661012,1,0.568671703338623,1,0.9056873917579652,0,0.5414026975631714,a person holding a glass with a liquid inside,True,True,True,False
77026,my flower has a tongue,https://preview.redd.it/reaijknpuj531.jpg?width=320&crop=smart&auto=webp&s=f97843a53cc5ec16480f740f70650329d0932431,1,1,0.9464154243469238,1,0.5408022999763489,1,0.9326156973838806,0,0.5176963806152344,a bunch of yellow flowers growing on a wooden fence,True,True,True,False
27195,volunteers come together to help wounded veterans surf waves of nsb,https://external-preview.redd.it/OxqkyNuPDm8t_mxlDKVihbv-GiJ39CylulwCl3r5FvE.jpg?width=320&crop=smart&auto=webp&s=5efcf4527c28244110a315147bd647e28a2b7693,1,1,0.9957101345062256,0,0.6917081475257874,1,0.9403846263885498,0,0.5349677801132202,a man is surfing in the water with other people,True,False,True,False
97650,toy story is being filmed,https://preview.redd.it/lf6z460uxns31.png?width=320&crop=smart&auto=webp&s=a926a8016b28f18e367310b037ac155103abc544,1,1,0.9815133810043336,0,0.6946989893913269,0,0.9916427135467528,0,0.5043772459030151,a car is stopped at a stop on the side of the road,True,False,False,False
55518,jumping on balance beam,https://external-preview.redd.it/P0zBrMhpyYTqDzzmypPqhxbPi8QBh-WywJcBx2gjxsE.jpg?width=320&crop=smart&auto=webp&s=2a11b5bd55c4ab66c92fb121af4a5dc2714cbcec,1,1,0.9833407998085022,0,0.6951096653938293,0,0.992093026638031,1,0.5028505325317383,a woman jumping in the air on a balance beam,True,False,False,True
41284,cristiano ronaldo having a good time,https://preview.redd.it/6mw6lqt146631.jpg?width=320&crop=smart&auto=webp&s=3dc197cffbb41091c38fb8ab90ba371da04ae985,1,1,0.9820491671562196,0,0.69493567943573,0,0.9920669794082642,1,0.5100793242454529,a soccer player,True,False,False,True
111617,husband of kerala nurse who died of nipah donates first salary to floodhit state,https://external-preview.redd.it/mStvTiSOMYupqpkuQhDJucjViFSEzFZxSNFlxSrXOhw.jpg?width=320&crop=smart&auto=webp&s=09b5bacbf33036a4fd8f1632a90087a0151870fc,1,1,0.9976160526275636,1,0.520523726940155,0,0.568752646446228,1,0.5036811232566833,a family poses for a photo in the mountains,True,True,False,True
103989,republicans criticize obamas state of the union as partisan,https://external-preview.redd.it/YDZA3tLysnp80GrZmgLPreXxOrXfPAJPUSGYSwySGkM.jpg?width=320&crop=smart&auto=webp&s=9e2fee1ef3e65553d8c442360983f99b75693c62,1,1,0.9871129393577576,0,0.6946069002151489,1,0.7623557448387146,0,0.5006259679794312,a woman standing in front of a television,True,False,True,False
32876,this whichever restroom sign,https://preview.redd.it/luzpcux5isd31.jpg?width=320&crop=smart&auto=webp&s=aac3d38d2206c403be1aca5aad7de42eab2c278f,1,1,0.9568681120872498,1,0.5697183609008789,1,0.90170419216156,0,0.5214459300041199,a sign on a public restroom door,True,True,True,False
9487,lets go save earth,https://i.imgur.com/4vRwEUz.jpg,0,0,0.984446346759796,0,0.6947163939476013,0,0.992384672164917,1,0.5044680237770081,the fate of the furious,True,True,True,False
41327,china yet to meet donald trumps demand to purchase more farm goods as uschina trade crumbles,https://external-preview.redd.it/fvWCB_fks6joS2_Agwfu1XPMn0KCXUjCTcwjesEiEzQ.jpg?width=320&crop=smart&auto=webp&s=cde87d0582d0dd24936c8590b06d5fd9e62da0c5,1,1,0.995347797870636,0,0.6938269138336182,0,0.991438627243042,1,0.5143209099769592,a man is working in a sand pile,True,False,False,True
63163,mary berry winning an award,https://external-preview.redd.it/H4kTG2FCfUBJvF5DB3x0cLLV8zxGR7QEsSPme98hOkc.jpg?width=320&crop=smart&auto=webp&s=62ee4e224a090f4bfc89b949f859363ef2e8bc86,1,1,0.9333353638648988,0,0.6945894360542297,1,0.6081284880638123,0,0.5268264412879944,a woman in a dress is standing on a stage,True,False,True,False
45520,my pup has a paw print on her nose,https://preview.redd.it/2nbe9pqlfdr21.jpg?width=320&crop=smart&auto=webp&s=3499108c85551428f5122aace4d959f3141e467b,1,1,0.997051239013672,1,0.5507197380065918,1,0.9533820152282716,0,0.5176646709442139,a small dog sitting on top of a table,True,True,True,False
7242,walmart employee dressed as link,https://external-preview.redd.it/PSkm-1zZTdv11Ad6qrLFvvteB-whcAe5m5Oq7aSbsLQ.jpg?width=320&crop=smart&auto=webp&s=27bacc3adddee75df49b028a610f1161b6563e6b,1,1,0.9286826252937316,0,0.6935261487960815,0,0.9180399179458618,0,0.5091458559036255,a man in a green coat holding a shield,True,False,False,False
81585,turns out pepsi crystal still exist,https://preview.redd.it/0d0eooez4fp21.jpg?width=320&crop=smart&auto=webp&s=dc09c26b258868874c73598b9c0ed45d7e6211d8,1,1,0.947112202644348,0,0.6947978138923645,1,0.7295752167701721,0,0.5438129901885986,a refrigerator filled with bottles of water and other items,True,False,True,False
77158,connor mcdavid in an awkward fan photo,https://preview.redd.it/bb1ok25ctkwy.jpg?width=320&crop=smart&auto=webp&s=c879018d552784d714789aa122c4b19d6e2b27ed,1,1,0.9853482842445374,0,0.6943296194076538,0,0.9913785457611084,0,0.526101291179657,a man and woman standing in an airport,True,False,False,False
32489,this flaming mini cooper,https://external-preview.redd.it/LHOrUodTENkUOLiKCf8v1QGFZYxZnjWT3drZi-h4f_0.jpg?width=320&crop=smart&auto=webp&s=fb9b923c68a21d6bdd4ea9cf787755643faa74a2,1,1,0.9244420528411864,1,0.5637430548667908,0,0.982971966266632,0,0.5479172468185425,a car is on fire in the middle of a parking lot,True,True,False,False
24938,this pedestrian light,https://preview.redd.it/7dmxs3i465b31.jpg?width=320&crop=smart&auto=webp&s=44450c50ba5fa144432d607c4be092e1f419ce59,1,1,0.9283089637756348,1,0.5603196620941162,1,0.8788255453109741,0,0.5001195073127747,a group of people walking down a street,True,True,True,False
37711,this pineapple shaped porch light,https://preview.redd.it/l4gwflvqq1m21.jpg?width=320&crop=smart&auto=webp&s=7c9e49a48de5377d512deb710d351ded491251e4,1,1,0.9769864678382874,1,0.5594168901443481,1,0.9531066417694092,0,0.5400615930557251,a light fixture on the ceiling of a house,True,True,True,False
73137,collection of feathers from assorted exotic birds,https://external-preview.redd.it/rYw0E58VqrImi2DdEdAMlinkB5Sg-P0THjooOR-UXXM.jpg?width=320&crop=smart&auto=webp&s=d1210772dc14b01a675d5f52c026e63d9649536b,0,0,0.9953924417495728,0,0.6941266655921936,1,0.96377432346344,0,0.528810441493988,surfboards hanging on a wall,True,True,False,True
82587,this berry looks like it is staring into my soul and it didnt like what it saw,https://external-preview.redd.it/zVJcS8K4xtnI0ytyg3rcjTX1exfaAkDrcy5mm6x2mqE.jpg?width=320&crop=smart&auto=webp&s=152cdc192e1a87fb02a6e265f68db921abf9f7c5,0,0,0.9515575766563416,1,0.5688128471374512,1,0.9711621403694152,0,0.5353203415870667,a hand holding a small blue object,True,False,False,True
100455,the way these icicles dripped onto the tree branches,https://preview.redd.it/z6xc05fuyek21.jpg?width=320&crop=smart&auto=webp&s=8fb0294bb556a419c1c2e60306bf37737962e2ab,1,1,0.997050404548645,1,0.5601028800010681,1,0.901150405406952,0,0.5368294715881348,a window with ice on it and a tree outside,True,True,True,False
102044,cat wearing a napkin,https://preview.redd.it/v094asnqzzf11.jpg?width=320&crop=smart&auto=webp&s=c6dbaa319422ce82eafa19f5814ff1c618a773d7,1,1,0.9395596981048584,0,0.6942471861839294,0,0.5282235741615295,0,0.545240581035614,a cat laying on a bed with a white sheet,True,False,False,False
34456,man teaches homeless woman to read during his lunch breaks,https://external-preview.redd.it/mB3EyqR0OobxTzXPewur6Di673K_yZAzaSQpZOExKQA.jpg?width=320&crop=smart&auto=webp&s=d88e9d47bb68a0fb675cb75a94d390fb9eb5df9c,1,1,0.9979323148727416,0,0.6837618947029114,0,0.9397183060646056,1,0.5143330693244934,a man and woman standing next to a bike,True,False,False,True
96153,baby reading a book,https://external-preview.redd.it/Qqy0l5KZ-ElbwZNd638zM-12rIkMkVMH7734pPbVHfg.jpg?width=320&crop=smart&auto=webp&s=5e7f763d23cafd738a14b3524aed023dce31f790,1,1,0.9283774495124816,0,0.6943362355232239,0,0.8028853535652161,0,0.5053306818008423,a young boy sitting in a shopping cart reading a book,True,False,False,False
67450,this siamese spinach leaf in my salad,https://preview.redd.it/nu5zwner1il31.jpg?width=320&crop=smart&auto=webp&s=24cd2b5bbdc11e81175edbc6cac476474b9f2303,1,1,0.9841540455818176,1,0.5562695264816284,1,0.9646800756454468,0,0.5223190784454346,a small leaf on a table,True,True,True,False
72658,in honor of the moon landing astroneer put the apollo spacecraft on one of the moons,https://preview.redd.it/uyyo7dykcbc31.jpg?width=320&crop=smart&auto=webp&s=39a296e223f9167cae861041d131f221064d87af,1,1,0.9932410717010498,0,0.6938913464546204,0,0.8846297860145569,0,0.5324004292488098,a screenshot of a robot on a moon,True,False,False,False
32088,vancouvers drug problem is so bad that pigeons are making nests out of needles police,https://external-preview.redd.it/Pg5M9Dk_72weHdjfK_PrnstxIaxrtq-EW56Et1so3Ds.jpg?width=320&crop=smart&auto=webp&s=c8b224643157c71d1d471d81099871d241878636,1,1,0.9980852603912354,0,0.6940264105796814,1,0.8418166041374207,0,0.5212952494621277,a sink with a broken fae and a broken fae,True,False,True,False
