annotation_id,row_id,model,text,image,generated_caption,true_label,prediction,confidence,error_category,secondary_category,explanation,image_helpful,caption_quality,label_ambiguous,reviewer_notes
E4-009,107885,BLIP Caption + BERT,the first tpose ad,https://preview.redd.it/in1pxmml8iz01.jpg?width=320&crop=smart&auto=webp&s=31448750e83f159cf9ece7b5000bc2207ae29e64,"the cr cr, by giovanni de ' medici",0,1,0.5155873894691467,,,,,,,
E3-004,51343,ViLT,a scary egg was hiding in my salad,https://external-preview.redd.it/yELDAcv8OjLeEVYczMq3py8nmwVnsh0jt91zCOImBBQ.jpg?width=320&crop=smart&auto=webp&s=2970e1127678b0e5f2bd24b538c8ea5f87671aaf,a plate with a fork holding a piece of food,0,1,0.9711503386497498,,,,,,,
E3-021,70724,ViLT,kingfisher attacking a fish underwater,https://preview.redd.it/20km30q4a5zz.jpg?width=320&crop=smart&auto=webp&s=658d370ea69538843135e50365c0789c389767a5,a bird is splashing water on its head,1,0,0.7740456461906433,,,,,,,
E2-021,93314,CLIP + MLP,cat stretching,https://external-preview.redd.it/K9hBTPnuaKDUnavgk3q6vsZYmJv0YV4P4eNb--vhwYU.jpg?width=320&crop=smart&auto=webp&s=7ab2aee34823cbb5606596c42e7cf429be800fbc,a cat laying on top of a red couch,1,0,0.6945444345474243,,,,,,,
E2-020,16099,CLIP + MLP,disbelief at hilary clintons headquarters,https://external-preview.redd.it/iJPHb1LnbPxxR5J6kYey1YAdBCgrU291YNtRps48EAM.jpg?width=320&crop=smart&auto=webp&s=1f305b45f975d577612a0606bb151c6334a14033,a crowd of people are sitting in the stands,1,0,0.6944592595100403,,,,,,,
E2-015,38126,CLIP + MLP,dog is wearing curlers in bed,https://preview.redd.it/c1ggs498mujy.jpg?width=320&crop=smart&auto=webp&s=8a7e36849dbbdff8e98da6feb34d938039c8e6fa,a dog in a white robe and pink glasses,1,0,0.6944825053215027,,,,,,,
E1-023,7759,BERT,this pirate seems out of place at a wedding,https://preview.redd.it/mcf7qhivj8w21.jpg?width=320&crop=smart&auto=webp&s=70ddbd4ce8638469796667ea390d55c2e88f6a66,a group of people standing around a woman in a dress,1,0,0.8640214204788208,,,,,,,
E4-006,9487,BLIP Caption + BERT,lets go save earth,https://i.imgur.com/4vRwEUz.jpg,the fate of the furious,0,1,0.5044680237770081,,,,,,,
E1-011,77084,BERT,s households with a single child or two daughters will receive benefits from the government details in comments,https://external-preview.redd.it/RHahEqqLuNSpxEeLP4bchV9M9r9h5oZLJnZ-72mo0wU.jpg?width=320&crop=smart&auto=webp&s=aae27c81cefa2b0e0ffc7c5fc3c172b9492ff407,a mural on the side of a building in china,0,1,0.9976765513420104,,,,,,,
E1-001,96085,BERT,sisters living the dream,http://i.imgur.com/Al2Ooey.jpg,a man with a mustache and sunglasses on,0,1,0.7962554693222046,,,,,,,
E1-019,68983,BERT,breaking news la bans furbiggest city in history,https://external-preview.redd.it/QPlb8AxJ66QDmwUzaY82i24snANyS_pyTWf61TMtBAk.jpg?width=320&crop=smart&auto=webp&s=0cad5d70c6526bd7287aa665eeb4cfef19d7763d,a person is holding a large furry rug,1,0,0.9988009929656982,,,,,,,
E2-006,34428,CLIP + MLP,this shocked pig at goodwill,https://preview.redd.it/2f4pncenl0h21.jpg?width=320&crop=smart&auto=webp&s=eee3f59ac9e4932ed0a350df8abbb790b35e6f31,a clock sitting on top of a table,0,1,0.5553520321846008,,,,,,,
E3-024,81402,ViLT,over obese cops taken off duty,https://external-preview.redd.it/tuUVTsaVq2ZReEYYEXzdSQSA8HzzwwsShaXPPv3aldk.jpg?width=320&crop=smart&auto=webp&s=89c6d35375abbd92124dd93c6b44256088ce3acc,the cover of the book tot,1,0,0.9909886717796326,,,,,,,
E2-009,28604,CLIP + MLP,this paint chipping looks like a goblin,https://external-preview.redd.it/DQcUQRtoI4Hkwke25btbMlFYvOC3GQrubARzNDsv1TM.jpg?width=320&crop=smart&auto=webp&s=d98f8caef668be901de1cd5e56986e4ca334e1f1,a piece of paper with a leaf drawn on it,0,1,0.5887065529823303,,,,,,,
E4-016,54488,BLIP Caption + BERT,so majestic,https://external-preview.redd.it/KghNjFJYvoqmUxygi-9pHKMosSHdghWqznD-h8Ft2lc.jpg?width=320&crop=smart&auto=webp&s=c16957c1ad704279c03bed831542bf99cfa7685b,a man and a dog playing with a kite,1,0,0.5088777542114258,,,,,,,
E1-005,106729,BERT,donald trump at the miss universe pageant,https://preview.redd.it/h566rdgbm8l21.gif?width=320&crop=smart&format=png8&s=9e3b0128b878a772ab10eedc2b760394f5d71c94,a man and woman playing a video game,0,1,0.9031075835227966,,,,,,,
E4-002,96333,BLIP Caption + BERT,perpetuation,http://i.imgur.com/2sZdrAT.jpg,"the energy capillas bring the energy from the revolutionary forces, and advance the life sciencess are about",0,1,0.5376372337341309,,,,,,,
E4-003,56076,BLIP Caption + BERT,total recall,http://i.imgur.com/IfRK9gL.jpg,two men sitting in a car,0,1,0.5145783424377441,,,,,,,
E1-013,53213,BERT,a kind of cosmic flower,https://preview.redd.it/eifbgofuh3o21.jpg?width=320&crop=smart&auto=webp&s=df0323d5e9cc5a7851b40069ccc82cc794e4967d,a person holding a flower in their hand,1,0,0.5752902030944824,,,,,,,
E2-007,52983,CLIP + MLP,these cherries that are down my phone to take her first steps,https://preview.redd.it/houvyu5copj21.jpg?width=320&crop=smart&auto=webp&s=8ed9bc264c7a8345aa9851c93d333962f6bdf87d,a person is sitting in a car looking out the window,0,1,0.5604828596115112,,,,,,,
E3-006,9317,ViLT,i think my moss ball is from easter island,https://external-preview.redd.it/UKIjlbePP1ckGclWtSHPg116ut2Mg_VU-WQsMuepCyo.jpg?width=320&crop=smart&auto=webp&s=4aeb06e046a66eb473c90cca836000fb3d59aed4,a fish tank filled with plants and water,0,1,0.9144333004951476,,,,,,,
E4-014,105591,BLIP Caption + BERT,this bit of red on a paper that you cant write on everything looks like it is behind it,https://external-preview.redd.it/SSSVhMT0i_rximjnGhbuA1K94ZGAifET9h7zaIVjnEU.jpg?width=320&crop=smart&auto=webp&s=c37f75d434edc5f8c06d047a5b1c723d9d61f3c8,a person signing a document with a pen,1,0,0.5348301529884338,,,,,,,
E2-002,70530,CLIP + MLP,silver falls state park georgia usa x oc,https://external-preview.redd.it/fVZ9Coy58oEhiUVL31zirMHNfosZiXmjxdJijbbacYk.jpg?width=320&crop=smart&auto=webp&s=7615dfd70f50a34ca3145dfed1544276c4590328,a river running through a forest filled with trees,0,1,0.6010156273841858,,,,,,,
E2-018,91563,CLIP + MLP,american sailors told by iranian captors to act happy,https://external-preview.redd.it/4YCLquE23GwoxMCuUmw_mY_EfPTaFotce3_ql08Kz38.jpg?width=320&crop=smart&auto=webp&s=bc5bc4692637227683b1c81bbde2e2d4be7c2472,a man in a green shirt sitting at a table,1,0,0.6934479475021362,,,,,,,
E3-020,54319,ViLT,mayor candidate vows to arrest homosexuals,https://external-preview.redd.it/TJahZu5UmLaSTjzb8LbDL4onsznMt7fhzXjvBvHpLZY.jpg?width=320&crop=smart&auto=webp&s=e0700939e2f1c5fdf5cee2bab98f486b9211af6b,a man holding a flag and a small flag,1,0,0.9423501491546632,,,,,,,
E1-016,4410,BERT,passed out on couch wearing motorcycle helmet,https://preview.redd.it/vctr7p040wvz.jpg?width=320&crop=smart&auto=webp&s=effc4457965c6e44f58e7630f8f5f357f215ce59,a brown leather couch,1,0,0.7444859147071838,,,,,,,
E2-016,88682,CLIP + MLP,fixed giant concrete teepee acting as a lightning rod at a s dakota rest stop,https://preview.redd.it/xeaiwb6vyy331.jpg?width=320&crop=smart&auto=webp&s=9423b7a00cb430acd32e001774c3d83abaf3dc17,the sculpture is in front of the building,1,0,0.6875084042549133,,,,,,,
E4-022,30911,BLIP Caption + BERT,my manager has a light bulb aquarium with a shrimp in it on his desk at work,https://preview.redd.it/fdn62clwm1b31.jpg?width=320&crop=smart&auto=webp&s=5188ec9ce053e5a1e6aaed0ee0d423b0db29821c,a light bulb with a plant inside,1,0,0.5395902991294861,,,,,,,
E1-010,16890,BERT,when you accidentally plug into the wrong outlet,https://external-preview.redd.it/Ay3vnCKdSnuBaedkUZC0PMrHtmMfq8pB1Ng6JaRYW50.jpg?width=320&crop=smart&auto=webp&s=e768539a7a71141cf56491d35047123633b5988c,linkset wi - fi wi wi wi wi wi wi wi wi wi wi wi wi wi wi wi wi,0,1,0.6122521162033081,,,,,,,
E3-023,77158,ViLT,connor mcdavid in an awkward fan photo,https://preview.redd.it/bb1ok25ctkwy.jpg?width=320&crop=smart&auto=webp&s=c879018d552784d714789aa122c4b19d6e2b27ed,a man and woman standing in an airport,1,0,0.9913784265518188,,,,,,,
E1-012,63513,BERT,teixiet french street elevators,https://external-preview.redd.it/fKKAbp98oDj6YiWMZpN-TmWshwZh4iuW10L4Ou-AyYU.jpg?width=320&crop=smart&auto=webp&s=d4948bcb4912eedfbc7f6fcde997e77ed81580ab,the exit - the exit,0,1,0.7778240442276001,,,,,,,
E2-023,81402,CLIP + MLP,over obese cops taken off duty,https://external-preview.redd.it/tuUVTsaVq2ZReEYYEXzdSQSA8HzzwwsShaXPPv3aldk.jpg?width=320&crop=smart&auto=webp&s=89c6d35375abbd92124dd93c6b44256088ce3acc,the cover of the book tot,1,0,0.6898768544197083,,,,,,,
E4-011,82569,BLIP Caption + BERT,dont judge mhex,http://i.imgur.com/s5gw0.jpg,two women kissing each other women,0,1,0.5080069303512573,,,,,,,
E2-004,81051,CLIP + MLP,this accidental picture of the dashboard of my truck looks like two pictures top and bottom,https://preview.redd.it/qwelx12sbbe11.jpg?width=320&crop=smart&auto=webp&s=177bb607b9c1803ff03fa2b30ba0208486642bb2,a close up of a speedometer on a vehicle,0,1,0.5602035522460938,,,,,,,
E4-019,84846,BLIP Caption + BERT,cops recover azam khans missing buffaloes,https://external-preview.redd.it/XtJWIJputXzpka3Joh9Q-lK0FvNz7DKzKrckdAYp4F4.jpg?width=320&crop=smart&auto=webp&s=3f8b7053d47441d739c381f0789d819dd68ae37b,"the former minister of the punjab district, mrp, was seen in this file",1,0,0.5137875080108643,,,,,,,
E1-006,44322,BERT,happy monacled monkey,https://external-preview.redd.it/mb465vJ7WjNDfJdpLh5f6SQM4kHrs2chRTbjcFrEtiw.jpg?width=320&crop=smart&auto=webp&s=87a7c8bd262f9b2443cc5a761a1aadbb7de17ba6,a child sitting on the floor with a backpack,0,1,0.6120476126670837,,,,,,,
E3-017,3024,ViLT,eating noodles,https://preview.redd.it/f01coke62mw21.png?width=320&crop=smart&auto=webp&s=0ac3d4efd17b99048cdddc620441b9f10df14abd,a woman sitting on a window sie,1,0,0.9924742579460144,,,,,,,
E3-016,38126,ViLT,dog is wearing curlers in bed,https://preview.redd.it/c1ggs498mujy.jpg?width=320&crop=smart&auto=webp&s=8a7e36849dbbdff8e98da6feb34d938039c8e6fa,a dog in a white robe and pink glasses,1,0,0.9829879999160768,,,,,,,
E2-011,93586,CLIP + MLP,i felt like i was being watched while i was in the bathroom and spotted this guy,https://external-preview.redd.it/R1pVbAoJEfm4DJnXuoWFO8sI62YTwlfcHJK8yOznGK0.jpg?width=320&crop=smart&auto=webp&s=af29cbaa2c9ed93723d9da766772920170b2cb88,a small planter sitting on top of a white counter,0,1,0.5684249401092529,,,,,,,
E1-017,70765,BERT,misty the goldador,https://preview.redd.it/mduc9l1pown21.jpg?width=320&crop=smart&auto=webp&s=7b883ca87a4053c11637a43ae8d5769726e723ea,a dog is laying on the floor under a table,1,0,0.984779417514801,,,,,,,
E2-025,83320,CLIP + MLP,one of the cookies didnt have chocolate on it,https://preview.redd.it/azrbq3zx6tr21.jpg?width=320&crop=smart&auto=webp&s=ea8841b2133c441d0880bc739cd83dca0764961c,a basket of cookies and candys on a table,1,0,0.685713529586792,,,,,,,
E2-010,82587,CLIP + MLP,this berry looks like it is staring into my soul and it didnt like what it saw,https://external-preview.redd.it/zVJcS8K4xtnI0ytyg3rcjTX1exfaAkDrcy5mm6x2mqE.jpg?width=320&crop=smart&auto=webp&s=152cdc192e1a87fb02a6e265f68db921abf9f7c5,a hand holding a small blue object,0,1,0.5688128471374512,,,,,,,
E1-008,83118,BERT,and old zippo lighter,https://preview.redd.it/lfnvib850gg01.jpg?width=320&crop=smart&auto=webp&s=399db74be7f7a213eb15612f33e99f0df524432c,a silver ring with a bird on it,0,1,0.6196027398109436,,,,,,,
E4-021,94776,BLIP Caption + BERT,this picture i took that got wavy from my phone vibrating right when i took it,https://preview.redd.it/enwul6z2tot21.jpg?width=320&crop=smart&auto=webp&s=8fc0209e8e9b29c2a176a815b95492016956a93c,a view of a pool and palm trees from a window,1,0,0.5837969183921814,,,,,,,
E2-003,103917,CLIP + MLP,found a chick in my hardboiled egg,https://preview.redd.it/jsejf1v16xy01.jpg?width=320&crop=smart&auto=webp&s=76b1ef0fe0d882f93bda0ea530f4ce80609ee44a,someone holding a small white egg with a yellow egg in it,0,1,0.5464922785758972,,,,,,,
E1-020,20008,BERT,star wars mail box,https://preview.redd.it/dbt2bjwyamly.jpg?width=320&crop=smart&auto=webp&s=823fc76b78e3fb06fdb4ed8ea0fdfe3396e4b251,a metal robot statue in front of a house,1,0,0.6052448749542236,,,,,,,
E4-007,52603,BLIP Caption + BERT,other discussions,http://i.imgur.com/j5mG6wv%2ejpg,a small baby bird sitting on top of a persons ' s hand,0,1,0.515648603439331,,,,,,,
E2-001,83359,CLIP + MLP,this door creeped me out,https://external-preview.redd.it/SE1alJy5vB9PTYcT15GlzD4MjbvkEyrZfnLoBU-blTI.jpg?width=320&crop=smart&auto=webp&s=bb4caab6af8a824d2912a64b54f9d5cc5658b6a5,a man in a black jacket standing in front of a door,0,1,0.5596234798431396,,,,,,,
E3-013,97700,ViLT,balanced nickel,https://preview.redd.it/kgppznrnbs131.jpg?width=320&crop=smart&auto=webp&s=b3ed95e7a76e26a6cd4dcd4a466770a760150d2f,a small coin sitting on top of a table,1,0,0.9909157156944276,,,,,,,
E1-014,32394,BERT,magestic aztec dancer,https://external-preview.redd.it/ZHufbtp8j42EHwpYotkPmIRbWbyoE1BfkwtHECAECu0.jpg?width=320&crop=smart&auto=webp&s=26c60c2166811388e9d92faf1d1ca6d5104e1bc3,a man in a costume flying through the air,1,0,0.8520258069038391,,,,,,,
E1-025,108328,BERT,a green pepper,https://external-preview.redd.it/h0VIERe7YXDzOzsZOaiN49URBECbwYjCLVppxE8-2G4.jpg?width=320&crop=smart&auto=webp&s=b6d54000a694fdf11515d208e20f3c12b59ee45f,a green pepper plant with a green pepper on it,1,0,0.8443584442138672,,,,,,,
E1-004,109460,BERT,my friend and her neighbor,http://i.imgur.com/VBbdVTH.jpg,a cartoon character with a big head and a small child,0,1,0.8688488602638245,,,,,,,
E1-018,89803,BERT,dude is high af,https://external-preview.redd.it/POv0wkAjJ8-YRNN8U9_wVPMDQ8tDB91CxK4e4Ie7zKw.jpg?width=320&crop=smart&auto=webp&s=98b4b5067af9f4461700ab8ffbb6a132cc6d6989,a flower in the middle of a garden,1,0,0.9844232201576232,,,,,,,
E2-014,4747,CLIP + MLP,albino raven,https://external-preview.redd.it/q0FYP1eXe43-eNEzmtI5X2biiMXuhOoIGivVGsrQSCQ.jpg?width=320&crop=smart&auto=webp&s=71481446549d369a675199949f3c4261b42a52de,a white bird with its wings spread,1,0,0.6942220330238342,,,,,,,
E1-009,61791,BERT,disabled farmer sitting between all of his many pigs,https://preview.redd.it/e0g4pjexlif11.jpg?width=320&crop=smart&auto=webp&s=a4802752fbb47bd6e53be6caa5a7b2b5e6b523fe,a man in a wheelchair is surrounded by a large herd of pigs,0,1,0.8801371455192566,,,,,,,
E4-004,15001,BLIP Caption + BERT,lesbian primary voters not thinking straight,https://external-preview.redd.it/QLRKEXm8KRs31NiOkSu4cETx9NASkaLWqNudvEnbt_E.jpg?width=320&crop=smart&auto=webp&s=11340a938e57f055cdb32742764f3bf10fe25a89,two men sitting on steps with their dogs,0,1,0.5188484191894531,,,,,,,
E1-007,25057,BERT,a bird pooped a dog,https://external-preview.redd.it/BPC7I1M79R3Ut8xp6HoozCu-XugXkQ8m7DpXw7J4kSY.jpg?width=320&crop=smart&auto=webp&s=ab4ad6823c77d97bc198e425ddb80094c4b41c50,a dog is standing on the ground,0,1,0.5739966034889221,,,,,,,
E3-015,108847,ViLT,moroccan chocolate brand,https://preview.redd.it/88n0l9187ap21.jpg?width=320&crop=smart&auto=webp&s=cec9b199a21fc4553311942d7bdfd465d74e2a9a,a chocolate bar sitting on top of a couch,1,0,0.9640498161315918,,,,,,,
E2-012,104801,CLIP + MLP,my broken coffee table is all wha,https://external-preview.redd.it/e3bWf504iyoDLl3HM7gxQpHI5cr9i6-3G0tVOwZgWMo.jpg?width=320&crop=smart&auto=webp&s=a6b4bce7a8f1f3a4fdbdc23e6c28b82bb29d1a84,a knife that is laying on the floor,0,1,0.5563283562660217,,,,,,,
E4-015,49992,BLIP Caption + BERT,this thai restaurant seems okay,https://external-preview.redd.it/-tRfQNdgb9CS2Aj14eLNbCJvGbF54FoSj4nOiubiGS0.jpg?width=320&crop=smart&auto=webp&s=7b9810bc1840352deff28377bec321904d75fde3,a car parked in front of a building,1,0,0.5308507680892944,,,,,,,
E3-007,74869,ViLT,a beautiful brides whale,http://i.imgur.com/Xt5RboB.jpg,a woman in a white dress and a white feather,0,1,0.8917275071144104,,,,,,,
E4-025,61582,BLIP Caption + BERT,this cat biting a plant,https://preview.redd.it/rry4ln1wa6q01.jpg?width=320&crop=smart&auto=webp&s=dffc1a565d1037acdbf7a8320dcee6d801966e99,a white cat with a black harness on its back,1,0,0.5266150832176208,,,,,,,
E3-005,62805,ViLT,they seemed pretty surprised when i came over,https://external-preview.redd.it/N8p0KhcMMaqFeo9dtVNsn2gRc9AKkWFZFW054lsuKf8.jpg?width=320&crop=smart&auto=webp&s=b173be1501b7733cd649e15c424496e5d342f672,a pile of green and black hoses,0,1,0.7402735352516174,,,,,,,
E2-019,52794,CLIP + MLP,the moon is so bright tonight it shows up as a white dot,https://preview.redd.it/z1etaqfmbj431.jpg?width=320&crop=smart&auto=webp&s=97d26fa23f0539cf54c831c8c7d6f0cefd8437cd,the moon is seen in the sky above a house,1,0,0.6591925024986267,,,,,,,
E3-001,45897,ViLT,holocaust survivors embrace after being rescued by the russians,https://preview.redd.it/3mibbvc2ynyx.jpg?width=320&crop=smart&auto=webp&s=731af7b7b834fb7e9ad5f5ce5559ae23303bbd5c,a man is sitting on a bench,0,1,0.8957773447036743,,,,,,,
E3-018,5344,ViLT,report newtown shooter was obsessed with dance dance revolution hated holidays and haircuts,https://external-preview.redd.it/0C1f3ZDnS1gsRbytAHhlrQiO6WYNrMH7suJLZS0K09c.jpg?width=108&crop=smart&auto=webp&s=7d524295639f1152ac2d6b2417407c78e3ee0e64,the source logo,1,0,0.9862516522407532,,,,,,,
E2-022,22098,CLIP + MLP,odd animatronic cow in the dairy section,https://preview.redd.it/3hoied78yag31.jpg?width=320&crop=smart&auto=webp&s=939f7285932686f8d305d0941b00e9363f5ce873,a large red barn with a cow on the roof,1,0,0.6952404975891113,,,,,,,
E3-019,5656,ViLT,tibetan mastiff,https://external-preview.redd.it/CJSRXxQeOqr6LUoV4pB5XW3UQPi_JvaoLKCCY0hhDXA.jpg?width=320&crop=smart&auto=webp&s=5199bb8fef2cebe1f0d8a3b0e4ecacfb0fedef15,a woman sitting on a chair with a dog,1,0,0.9928642511367798,,,,,,,
E3-012,67144,ViLT,another d building,https://preview.redd.it/d9vkhhtqdm131.jpg?width=320&crop=smart&auto=webp&s=a8b8f4cdae29fdca8e163fd694371f42f3e21a98,a view of a building from the inside of a car,0,1,0.7899506688117981,,,,,,,
E4-023,49530,BLIP Caption + BERT,carrier to relocate indianapolis manufacturing operations to mexico,https://external-preview.redd.it/nd0iEPsRo8dLwytQrrIDnzJLVAnQ4mGrh4yFQ1EGrAs.jpg?width=320&crop=smart&auto=webp&s=37f868770a754b1e6a1770faa44cb16c54aab28e,a parking lot with a lot of snow on the ground,1,0,0.5328714847564697,,,,,,,
E4-005,101622,BLIP Caption + BERT,a little something called victory jaason simons,https://preview.redd.it/l75cqasshasz.jpg?width=320&crop=smart&auto=webp&s=9f0ce5ed48ac77ccdffef29912126b9900888fde,a little victory by lauren m smith,0,1,0.5092146396636963,,,,,,,
E2-017,111184,CLIP + MLP,blackpool tower ballroom ocx,https://external-preview.redd.it/r1ZHsXtcQ6yl-w-japk15MupzJdLyOSm3uVJZS2Z9ms.jpg?width=320&crop=smart&auto=webp&s=9ff9eea63aa55380b6931b63b5ef8b0fedd09ff9,a large room with a red carpet and a ceiling,1,0,0.6904312372207642,,,,,,,
E3-009,79434,ViLT,princess kate middleton on the day of her marriage to prince william,https://preview.redd.it/spujkfy6xc901.jpg?width=320&crop=smart&auto=webp&s=5a837d9a1088a33cc1ee9766008371f861b816d7,a woman in a wedding dress standing in front of a bush,0,1,0.9378726482391356,,,,,,,
E2-024,69407,CLIP + MLP,india is planning to give free wifi to more than villages,https://external-preview.redd.it/hwKx31iyT8PBe09ZKewBA84nbwxKjwVqkD73Xre-Q-o.jpg?width=320&crop=smart&auto=webp&s=71a2456aa96d5bf0a5a299c6d1259ba5018841f8,the indian flag with a radio tower in the background,1,0,0.6393503546714783,,,,,,,
E4-024,65516,BLIP Caption + BERT,alaska airlines says so long to nonrecyclable plastic straws,https://external-preview.redd.it/NZLm__SWYtXNpHAMgL0EopoXVJlxOgtgf0awVFJKxXU.jpg?width=320&crop=smart&auto=webp&s=b8b5525da1583a3fc0902df70cb16cfb0e9b8256,two cups of coffee,1,0,0.523946225643158,,,,,,,
E3-008,82587,ViLT,this berry looks like it is staring into my soul and it didnt like what it saw,https://external-preview.redd.it/zVJcS8K4xtnI0ytyg3rcjTX1exfaAkDrcy5mm6x2mqE.jpg?width=320&crop=smart&auto=webp&s=152cdc192e1a87fb02a6e265f68db921abf9f7c5,a hand holding a small blue object,0,1,0.9711621403694152,,,,,,,
E4-001,38302,BLIP Caption + BERT,tempurapedic unveils new line of extracrispy deepfried mattresses,https://external-preview.redd.it/Py0F4nDUQnYsd2eO1uJGRWR3HieqD_cHk4gRUDbqX1A.jpg?width=320&crop=smart&auto=webp&s=edd538ffc0c657e69076e6575085f13caa73af0b,tepa bed with mattress,0,1,0.5420948266983032,,,,,,,
E2-008,94684,CLIP + MLP,my microphone covering its ears because its too loud,https://preview.redd.it/iin2v1p57ez21.jpg?width=320&crop=smart&auto=webp&s=8b7250271a41b2468cccd033acf2b6a0d4946b1e,a table with a lamp and a rug on it,0,1,0.5363219976425171,,,,,,,
E4-020,34479,BLIP Caption + BERT,this is the tail fin of a british raf tornado plane that crashed into the mediterranean sea the plane registration is zg and the crash report is in the comments,https://preview.redd.it/eyci4hrn4mh31.jpg?width=320&crop=smart&auto=webp&s=b92d02c244a154215aa7aa5dd3e210d771f547c6,a wooden shelf with a metal shelf on it,1,0,0.5642151832580566,,,,,,,
E3-010,4545,ViLT,i was super into triangles,http://i.imgur.com/LfYmLIr.jpg,a colorful abstract design,0,1,0.9698095321655272,,,,,,,
E3-014,16099,ViLT,disbelief at hilary clintons headquarters,https://external-preview.redd.it/iJPHb1LnbPxxR5J6kYey1YAdBCgrU291YNtRps48EAM.jpg?width=320&crop=smart&auto=webp&s=1f305b45f975d577612a0606bb151c6334a14033,a crowd of people are sitting in the stands,1,0,0.981033205986023,,,,,,,
E4-010,101509,BLIP Caption + BERT,so metal,http://i.imgur.com/JlTtb1Q.jpg,paul moore wallpapers paul moore wallpapers paul moore,0,1,0.5192974209785461,,,,,,,
E2-013,104379,CLIP + MLP,woman claims restaurant manager came to home after she left star review on yelp,https://external-preview.redd.it/jnuVxxlJG776tIlDtVYgLwwoIUQzdYzl48BIQRPxyDk.jpg?width=320&crop=smart&auto=webp&s=23df7e358defdb62a07d4c010e740ada360967e9,a screenshot of a man with a black shirt and a white shirt,1,0,0.6734199523925781,,,,,,,
E2-005,102434,CLIP + MLP,the montage on it own looks tacky like a cut and paste job without the smoke and lighting,http://i.imgur.com/miXZAva.jpg,a dog is playing with a laser in the woods,0,1,0.5128134489059448,,,,,,,
E1-002,54568,BERT,rugby players penis almost torn off in russian league match after being forced to play royal navy aims to make others happy woman denied citizenship despite living entire life in prison in apparent case of beer power tool,https://external-preview.redd.it/A7EgyckBMTN4VhKfI2glGcpvmrSMjDTPfDZfvBdQHZE.jpg?width=320&crop=smart&auto=webp&s=1f37ef1b70a33a0e3357666bcbce66fcd957331a,a man and woman standing next to each other people,0,1,0.9364663362503052,,,,,,,
E3-003,3547,ViLT,found this one eyed slice of ham far too funny at breakfast,https://preview.redd.it/jkw6ygsa1y211.jpg?width=320&crop=smart&auto=webp&s=c1ce1be6fa691b6b666b1a0b6867974f5e7c91b7,a person holding a piece of pink marble,0,1,0.9788525700569152,,,,,,,
E1-022,80814,BERT,rob ford looking for answers to torontos raccoon problem,https://external-preview.redd.it/0S5t5s4iDOjiK9Eym9oLovTy4fMkOqMS55kTzFpJKFs.jpg?width=320&crop=smart&auto=webp&s=d655e1bbc121b525512820f107d324b8ed83ea5c,a man with a rad rad rad rad rad rad rad rad ra,1,0,0.8119667768478394,,,,,,,
E1-003,109075,BERT,child abusers beware you just made the list,http://imgur.com/RM9TYSR.jpg,"a black and white text that reads, ' the things you are trying to get out of your own '",0,1,0.8016502857208252,,,,,,,
E1-024,90709,BERT,a most delicately placed urinal cake,https://preview.redd.it/6d096def0hs31.jpg?width=320&crop=smart&auto=webp&s=bfaa37c2c33c0cd369aa9a42a0d21f684bef9ab0,a white ure with a yellow button on it,1,0,0.799468457698822,,,,,,,
E4-013,106524,BLIP Caption + BERT,my cat is several cats in one,https://preview.redd.it/9elzbcgu4ov21.jpg?width=320&crop=smart&auto=webp&s=6315d1860c6fb735222b89cea98a746273fe82da,a cat laying on a rug,1,0,0.5491739511489868,,,,,,,
E4-017,91872,BLIP Caption + BERT,one world trade center elevator shows new yorks history,https://external-preview.redd.it/s48iJJtQJLCDvw6S07uGhbRKKcGr5SDfGWFlW2ZI-qA.jpg?width=320&crop=smart&auto=webp&s=099a5219bee0a2feefdd0c9e1e7d9b9ccaa9c6ec,a view of the city from a window,1,0,0.5151078701019287,,,,,,,
E3-025,10487,ViLT,this bus has usb ports,https://preview.redd.it/v3dnz5xez5s31.jpg?width=320&crop=smart&auto=webp&s=d7e5e09c7c6cf8f128f7b4927054ed070b950493,a man is sitting in the seat of an airplane,1,0,0.9833731651306152,,,,,,,
E4-012,33296,BLIP Caption + BERT,bill clinton sexually assualts intern,https://preview.redd.it/mjkjstch3dv01.png?width=320&crop=smart&auto=webp&s=0c1fa1f334394923b9abe6293070c2a3845e4879,a man and woman hugging each other people,0,1,0.5163523554801941,,,,,,,
E4-008,97147,BLIP Caption + BERT,other discussions,http://i.imgur.com/x4BOmb8%2ejpg,a man and woman are eating pizza together,0,1,0.5017207860946655,,,,,,,
E1-021,86853,BERT,red arrows,https://external-preview.redd.it/_OEotqNE2Sk8CqsvSoTMRad6i13fQddUUn4eJTXpt_4.jpg?width=320&crop=smart&auto=webp&s=80ffdd4d15c6edd8d19e06d1ac15adad01a771f9,a group of planes flying in the sky,1,0,0.8224651217460632,,,,,,,
E3-011,10097,ViLT,balls,http://i.imgur.com/2QVU8SR.jpg,a man is falling into a ball pit,0,1,0.6725479364395142,,,,,,,
E3-022,95331,ViLT,hero cat alerts owners to attic fire,https://external-preview.redd.it/778mdJwZbUzlML-_UibgTzRnDH03vxndNixIQorm1gQ.jpg?width=320&crop=smart&auto=webp&s=f9ebad70074add22c432940f0b9782542b712b6b,fox 28 news,1,0,0.7587051391601562,,,,,,,
E1-015,73897,BERT,hawkeye on this endgame poster isnt actually him,https://preview.redd.it/14f3a8iugk231.jpg?width=320&crop=smart&auto=webp&s=d48a522f2a6d72f0883218dc4af0388f2bfc587b,avengers 2 movie poster,1,0,0.5777701139450073,,,,,,,
E4-018,28179,BLIP Caption + BERT,a pigeon made a nest in my bathrooms window and refuses to leave even with me opening and closing the window so often,https://preview.redd.it/u4456lvcpyk31.jpg?width=320&crop=smart&auto=webp&s=f8d346441ef68a26f26935c2ca2518b82569fef0,a window with a screen on it,1,0,0.5585432648658752,,,,,,,
E3-002,73137,ViLT,collection of feathers from assorted exotic birds,https://external-preview.redd.it/rYw0E58VqrImi2DdEdAMlinkB5Sg-P0THjooOR-UXXM.jpg?width=320&crop=smart&auto=webp&s=d1210772dc14b01a675d5f52c026e63d9649536b,surfboards hanging on a wall,0,1,0.9637744426727296,,,,,,,
