sample_id,image,reason
fakeddit-0139591,https://preview.redd.it/iu6zfffbph501.jpg?width=320&crop=smart&auto=webp&s=22dcefdc50cc43f96672612797dfb02d2d9147dc,image_load_failed
fakeddit-0448441,https://preview.redd.it/t08ediwvf1q21.jpg?width=320&crop=smart&auto=webp&s=494b880294115d2f55691c6f46589b05b542785a,image_load_failed
fakeddit-0211017,https://preview.redd.it/kvkosa8st6h21.jpg?width=320&crop=smart&auto=webp&s=15acbc59ff52ec1873d37a6d578af3d94acd5e7c,image_load_failed
fakeddit-0209884,https://external-preview.redd.it/rw3C157-mb0CTpawp_iy2QUuOWtOs9AaKwKVk8JT52w.jpg?width=108&crop=smart&auto=webp&s=13f10bd79b14373c26cda336f47e723faa67d7a9,image_load_failed
fakeddit-0433644,https://preview.redd.it/xghurnn6oq731.jpg?width=320&crop=smart&auto=webp&s=7864200e6f5abc6a09770ffb20861e93c6eea719,image_load_failed
fakeddit-0228856,https://preview.redd.it/tkfqbk11e1j31.jpg?width=320&crop=smart&auto=webp&s=83122639810680f7334a4bbd1c621a55279a5ea4,image_load_failed
fakeddit-0190063,https://preview.redd.it/55tw29ny6q431.png?width=320&crop=smart&auto=webp&s=3b1542d9492cc36beeb45996afc5594c613f7b80,image_load_failed
fakeddit-0272372,https://preview.redd.it/2wl4amv2w9w21.jpg?width=320&crop=smart&auto=webp&s=97a5ee0ec05bf310374e147b660e23d35406760c,image_load_failed
fakeddit-0449239,https://preview.redd.it/ekfyieu1donz.jpg?width=320&crop=smart&auto=webp&s=3862aa2af4e8eb91d786457c056eb5c5972f5418,image_load_failed
fakeddit-0388044,https://external-preview.redd.it/ESPM-tTuK3werLgfWG_wBsw_trUSDNU4bI5s2jVRAgQ.png?width=108&crop=smart&auto=webp&s=6bdf4d9c8ec6b3100f803c1cf0848f49a5aee344,image_load_failed
fakeddit-0190284,https://external-preview.redd.it/ESPM-tTuK3werLgfWG_wBsw_trUSDNU4bI5s2jVRAgQ.png?width=108&crop=smart&auto=webp&s=6bdf4d9c8ec6b3100f803c1cf0848f49a5aee344,image_load_failed
fakeddit-0503820,https://external-preview.redd.it/ESPM-tTuK3werLgfWG_wBsw_trUSDNU4bI5s2jVRAgQ.png?width=108&crop=smart&auto=webp&s=6bdf4d9c8ec6b3100f803c1cf0848f49a5aee344,image_load_failed
fakeddit-0019522,https://preview.redd.it/zhezf26v02oy.jpg?width=320&crop=smart&auto=webp&s=1fc6c972e67f9df34b4bae4ca98f2fa3fd59f9e6,image_load_failed
fakeddit-0182739,http://i59.tinypic.com/n3lhc.jpg,image_load_failed
fakeddit-0435674,https://preview.redd.it/bnalkbashm731.jpg?width=320&crop=smart&auto=webp&s=dd764b77cbf0e67acfd69c663b95a66f8bf8d962,image_load_failed
fakeddit-0401670,https://external-preview.redd.it/rw3C157-mb0CTpawp_iy2QUuOWtOs9AaKwKVk8JT52w.jpg?width=108&crop=smart&auto=webp&s=13f10bd79b14373c26cda336f47e723faa67d7a9,image_load_failed
fakeddit-0156253,http://southparkstudios.mtvnimages.com/images/shows/south-park/clip-thumbnails/season-2/0218/south-park-s02e18c01-the-crocodile-hunter-4x3.jpg,image_load_failed
fakeddit-0155145,https://preview.redd.it/rexcfeneklb11.jpg?width=320&crop=smart&auto=webp&s=49b065ae57cd2acfe8fdf70c67c22fe703159dac,image_load_failed
fakeddit-0230451,https://preview.redd.it/bzf99b4yqrq31.jpg?width=320&crop=smart&auto=webp&s=0ad9e0d295dd553a850297b4a2b937245f388840,image_load_failed
fakeddit-0163481,https://preview.redd.it/a7nsgmdqtmi21.jpg?width=320&crop=smart&auto=webp&s=c2ad6a3b4c3ffb1f19dc7a4beedcd57d376d8e7e,image_load_failed
fakeddit-0368378,https://preview.redd.it/nufhsyplwq401.png?width=320&crop=smart&auto=webp&s=eea61f0cafa9946fe98d2faaf765ab4854985b55,image_load_failed
fakeddit-0082342,https://preview.redd.it/v7o0toy8en931.jpg?width=320&crop=smart&auto=webp&s=a9172e1f7eaca2df876bce0717692375e53887c5,image_load_failed
fakeddit-0002576,https://preview.redd.it/ozptkd7aj0t31.jpg?width=320&crop=smart&auto=webp&s=632a7f62a858d471760703700a134d058ca04f2d,image_load_failed
fakeddit-0159083,https://preview.redd.it/c77rvyyf6gv21.jpg?width=320&crop=smart&auto=webp&s=4214e57d216e98f0792ccba7f1fc23b2997fd275,image_load_failed
fakeddit-0128157,https://external-preview.redd.it/ESPM-tTuK3werLgfWG_wBsw_trUSDNU4bI5s2jVRAgQ.png?width=108&crop=smart&auto=webp&s=6bdf4d9c8ec6b3100f803c1cf0848f49a5aee344,image_load_failed
fakeddit-0427918,https://external-preview.redd.it/ESPM-tTuK3werLgfWG_wBsw_trUSDNU4bI5s2jVRAgQ.png?width=108&crop=smart&auto=webp&s=6bdf4d9c8ec6b3100f803c1cf0848f49a5aee344,image_load_failed
fakeddit-0477576,https://preview.redd.it/foj9fcutrvl11.jpg?width=320&crop=smart&auto=webp&s=cb2fc5a3276528b4b261097c669c5f12f6f4fc88,image_load_failed
fakeddit-0263334,https://preview.redd.it/5zsqkohgo2o21.jpg?width=320&crop=smart&auto=webp&s=575ba547f75b8bcc46704e02d4cbf1ab779a5b37,image_load_failed
fakeddit-0171171,https://preview.redd.it/m3ltzuf3son21.jpg?width=320&crop=smart&auto=webp&s=45d69b43bc02172c40b1b89955b6a0b258073a48,image_load_failed
fakeddit-0246004,https://external-preview.redd.it/ESPM-tTuK3werLgfWG_wBsw_trUSDNU4bI5s2jVRAgQ.png?width=108&crop=smart&auto=webp&s=6bdf4d9c8ec6b3100f803c1cf0848f49a5aee344,image_load_failed
fakeddit-0493627,https://preview.redd.it/52cru4vcc9k11.jpg?width=320&crop=smart&auto=webp&s=c9f275fb17414f7eedb2b8f9891990732d470cf6,image_load_failed
fakeddit-0317897,https://preview.redd.it/derd2agvrpd31.jpg?width=320&crop=smart&auto=webp&s=cb691206c3e60965fef043a95a64c9ee16d8479e,image_load_failed
fakeddit-0040703,https://preview.redd.it/2nghzvz6djf11.jpg?width=320&crop=smart&auto=webp&s=612bcba2e7ffd3eb4ed3748ae546582014fb61e5,image_load_failed
fakeddit-0199021,https://external-preview.redd.it/ESPM-tTuK3werLgfWG_wBsw_trUSDNU4bI5s2jVRAgQ.png?width=108&crop=smart&auto=webp&s=6bdf4d9c8ec6b3100f803c1cf0848f49a5aee344,image_load_failed
fakeddit-0088882,https://preview.redd.it/3f3f5jx0xbf31.jpg?width=320&crop=smart&auto=webp&s=123251e531cabdc7b76ff94b319e222fc5fc0be9,image_load_failed
fakeddit-0056587,https://i.gyazo.com/7404ca75e0ff106573932b0a8a7b1ee8.jpg,image_load_failed
fakeddit-0058906,https://external-preview.redd.it/lezawYJ8x4GvQfSsuU6tfRCHWLb9-ZBIIq2k4njKNIA.jpg?width=320&crop=smart&auto=webp&s=c6b2da9a6155e478935852fe282df3be039f582c,image_load_failed
fakeddit-0543905,https://preview.redd.it/kbciior5t5d11.png?width=320&crop=smart&auto=webp&s=e022b465c84ddb308d9cbe4f3cbed3d395af3f94,image_load_failed
fakeddit-0162889,https://preview.redd.it/ir7o0mvnjg331.jpg?width=320&crop=smart&auto=webp&s=c7457db6406db19233f9677dd5e0d4b6ae4630ba,image_load_failed
fakeddit-0556238,https://preview.redd.it/6jlcg9bwjqm21.jpg?width=320&crop=smart&auto=webp&s=07f6313f1294ab43b56e532c979dfed2916d15e1,image_load_failed
fakeddit-0228433,https://preview.redd.it/qswe8kslq6931.jpg?width=320&crop=smart&auto=webp&s=0760a9a810d2de2aad299604c0a25abb1d8dff16,image_load_failed
fakeddit-0374457,https://preview.redd.it/bq9kqcm8qqm31.jpg?width=320&crop=smart&auto=webp&s=fdff5b5e9af0f7f21419dfa0c27d4e69077a3e82,image_load_failed
fakeddit-0135339,https://preview.redd.it/66v1ibzzpp831.jpg?width=320&crop=smart&auto=webp&s=86a8d9ccc47390fdbda5883871d07a555a1f8c7c,image_load_failed
fakeddit-0129547,https://external-preview.redd.it/ESPM-tTuK3werLgfWG_wBsw_trUSDNU4bI5s2jVRAgQ.png?width=108&crop=smart&auto=webp&s=6bdf4d9c8ec6b3100f803c1cf0848f49a5aee344,image_load_failed
fakeddit-0025131,https://preview.redd.it/nldck3olzc331.jpg?width=320&crop=smart&auto=webp&s=8b7b4a925bc947d5c38b97eaa1ede0a2a0fdcd8d,image_load_failed
fakeddit-0330741,https://preview.redd.it/aclgn9rxm7r21.png?width=320&crop=smart&auto=webp&s=3704a64e818faf037581adb1397aa50cdb307647,image_load_failed
fakeddit-0388776,https://preview.redd.it/b4jz7fz45mo11.jpg?width=320&crop=smart&auto=webp&s=e54bfecdd8d4ecfba8ec19e7c6a5a407fa8a5cea,image_load_failed
fakeddit-0134444,https://preview.redd.it/ehmyh6j5x4oz.jpg?width=320&crop=smart&auto=webp&s=3651f0235e0b9584e6501a6c8ca661c2fd5b3495,image_load_failed
fakeddit-0509762,https://external-preview.redd.it/ESPM-tTuK3werLgfWG_wBsw_trUSDNU4bI5s2jVRAgQ.png?width=108&crop=smart&auto=webp&s=6bdf4d9c8ec6b3100f803c1cf0848f49a5aee344,image_load_failed
fakeddit-0353639,https://preview.redd.it/uwzjtwy1ogw21.jpg?width=320&crop=smart&auto=webp&s=17de7894c113a1649ac32352879305540e442c2f,image_load_failed
fakeddit-0244882,https://preview.redd.it/d4sux89j9lwz.png?width=320&crop=smart&auto=webp&s=3ad97f8830fae95ae5cc12458b97ef3a41babf09,image_load_failed
fakeddit-0500257,https://preview.redd.it/h9yvopn1odz21.png?width=320&crop=smart&auto=webp&s=9bd9e4c1ed1dc2c43c3eda6a04cd3b01bd46c283,image_load_failed
fakeddit-0056885,https://preview.redd.it/s2j762rtg6p31.jpg?width=320&crop=smart&auto=webp&s=07c95fddd64282563fc931de4b414f2b6d4f03a5,image_load_failed
fakeddit-0437906,https://preview.redd.it/foy2n0t3txj01.jpg?width=320&crop=smart&auto=webp&s=56adee09824abca516880718ff9496728c4368da,image_load_failed
fakeddit-0110913,https://external-preview.redd.it/ESPM-tTuK3werLgfWG_wBsw_trUSDNU4bI5s2jVRAgQ.png?width=108&crop=smart&auto=webp&s=6bdf4d9c8ec6b3100f803c1cf0848f49a5aee344,image_load_failed
fakeddit-0386228,http://i.imgur.com/a/uHBvv.jpg,image_load_failed
fakeddit-0379794,https://preview.redd.it/aide5xinc3h11.jpg?width=320&crop=smart&auto=webp&s=4a3564922a84619f0e089ddf79a58d64c407b674,image_load_failed
fakeddit-0451214,https://preview.redd.it/4xtzjjismx231.jpg?width=320&crop=smart&auto=webp&s=8fbbf5bcd32dd19542485dc17e0552f153506c81,image_load_failed
fakeddit-0202269,https://preview.redd.it/oci0mfet4tq01.jpg?width=320&crop=smart&auto=webp&s=d3f498ce4f3e89e1efc7b1439bf731551f70a976,image_load_failed
fakeddit-0017341,https://external-preview.redd.it/ESPM-tTuK3werLgfWG_wBsw_trUSDNU4bI5s2jVRAgQ.png?width=108&crop=smart&auto=webp&s=6bdf4d9c8ec6b3100f803c1cf0848f49a5aee344,image_load_failed
fakeddit-0262332,https://preview.redd.it/o9k9859rjtm31.jpg?width=320&crop=smart&auto=webp&s=f02be44d23aed62ef8c6c81eeb16c6299372150d,image_load_failed
fakeddit-0027718,https://img.skitch.com/20120122-f648s22px3qx41cggidm68y93t.jpg,image_load_failed
fakeddit-0028776,https://external-preview.redd.it/ESPM-tTuK3werLgfWG_wBsw_trUSDNU4bI5s2jVRAgQ.png?width=108&crop=smart&auto=webp&s=6bdf4d9c8ec6b3100f803c1cf0848f49a5aee344,image_load_failed
fakeddit-0066043,https://preview.redd.it/hn8fkfo7en711.jpg?width=320&crop=smart&auto=webp&s=30c697dc4007a87a21ecc62c0a12a07ceb14bca9,image_load_failed
fakeddit-0194812,https://preview.redd.it/ibsq53f9t7c01.jpg?width=320&crop=smart&auto=webp&s=59d6cb9348b99123b38da396d0114d391e7f3fa9,image_load_failed
fakeddit-0088282,https://preview.redd.it/8vrl04fc6qe31.jpg?width=320&crop=smart&auto=webp&s=2200d4926d2349296bce443899e77c153d7563c5,image_load_failed
fakeddit-0270929,https://preview.redd.it/vgpakpkedkm11.jpg?width=320&crop=smart&auto=webp&s=9164effa2f3c1af8ae455e657daec4eeae857cc9,image_load_failed
fakeddit-0259787,https://i.redd.it/9trvd9tyg1k21.jpg,image_load_failed
fakeddit-0420081,https://preview.redd.it/pdoezy3iwfr31.jpg?width=320&crop=smart&auto=webp&s=200473d43498ec93b7f90b6c9b70d23befe61ebe,image_load_failed
fakeddit-0165731,https://preview.redd.it/0imrt97o9xhz.jpg?width=320&crop=smart&auto=webp&s=6a62169fbe6da3749fb7241bbc7c53f401c20be3,image_load_failed
fakeddit-0043524,https://external-preview.redd.it/ESPM-tTuK3werLgfWG_wBsw_trUSDNU4bI5s2jVRAgQ.png?width=108&crop=smart&auto=webp&s=6bdf4d9c8ec6b3100f803c1cf0848f49a5aee344,image_load_failed
fakeddit-0038527,https://preview.redd.it/042u9dhoorny.jpg?width=320&crop=smart&auto=webp&s=46b7fda8e94bd3b14d4e5e57843f487628de9f57,image_load_failed
fakeddit-0124501,https://preview.redd.it/i1rct2er6la31.jpg?width=320&crop=smart&auto=webp&s=860668144f7a7994ee6a059bc574f97debe85fbc,image_load_failed
fakeddit-0102222,https://preview.redd.it/ajtbqaelwrs31.jpg?width=320&crop=smart&auto=webp&s=3c5c0d237adce41709aa443bc3f4500f344706c8,image_load_failed
fakeddit-0036088,https://preview.redd.it/1e8gtirfuti21.jpg?width=320&crop=smart&auto=webp&s=00df9c30744cb7ee3d4fe5a6a91af2c75b459b18,image_load_failed
fakeddit-0525398,https://preview.redd.it/1eod9tlt1dv21.jpg?width=320&crop=smart&auto=webp&s=79dc46c90dabf3d3b5f2b788758655c732caeb7d,image_load_failed
fakeddit-0383962,https://preview.redd.it/0k3jicgucef31.jpg?width=320&crop=smart&auto=webp&s=cdda9643f43aa2edca3f93d85210cba564ebce43,image_load_failed
fakeddit-0409688,https://preview.redd.it/fn4ru9x9oz201.jpg?width=320&crop=smart&auto=webp&s=19137659dcd51aaa525ba7d4f3b79be2b4772afd,image_load_failed
fakeddit-0494556,https://preview.redd.it/wnbfbexkl7z01.jpg?width=320&crop=smart&auto=webp&s=4b401f6dc84ae3845eb5da759be55d427027de2b,image_load_failed
fakeddit-0224068,http://i66.tinypic.com/sxf9zs.jpg,image_load_failed
fakeddit-0422033,https://preview.redd.it/pniesvmvlf511.jpg?width=320&crop=smart&auto=webp&s=d267992b543773fc54869dc703522a02a6c1415a,image_load_failed
fakeddit-0060034,https://preview.redd.it/67zawrg7vvu21.jpg?width=320&crop=smart&auto=webp&s=2734106cdbc5ea5f7896301e4620d5a350e5273b,image_load_failed
fakeddit-0282454,https://external-preview.redd.it/ESPM-tTuK3werLgfWG_wBsw_trUSDNU4bI5s2jVRAgQ.png?width=108&crop=smart&auto=webp&s=6bdf4d9c8ec6b3100f803c1cf0848f49a5aee344,image_load_failed
fakeddit-0166588,https://preview.redd.it/elgue16mglj01.png?width=320&crop=smart&auto=webp&s=fb382803903393744520d45a9dcf726551f7aa77,image_load_failed
fakeddit-0470386,https://external-preview.redd.it/Vckeyo70USafEUrJPN3efx9FzXR3wg_lRBGtJa5cs54.png?width=320&crop=smart&auto=webp&s=ff3cff61a942080509f664466134bdbd081c3141,image_load_failed
fakeddit-0558305,https://preview.redd.it/yv64a66k2yez.jpg?width=320&crop=smart&auto=webp&s=9e11eb192ebaed445bc8181e307e43aa4ef6e754,image_load_failed
fakeddit-0113650,https://preview.redd.it/3itoau48k2yy.jpg?width=320&crop=smart&auto=webp&s=ce26de4da4c461883949ee5c1c15638599947126,image_load_failed
fakeddit-0247814,https://preview.redd.it/qpamytzt1k0z.jpg?width=320&crop=smart&auto=webp&s=b0f3fc032dcfad8f5eb1f18a3053266970174bdd,image_load_failed
fakeddit-0345226,https://external-preview.redd.it/oLb0bGEHEDOTRfkFeE_wievxSbGHY5zmGk28CyUSvwM.jpg?width=320&crop=smart&auto=webp&s=5586f6620f1e0d3019ff812184f9ac08cb156f8e,image_load_failed
fakeddit-0528726,https://preview.redd.it/30tcfdnsz0u31.jpg?width=320&crop=smart&auto=webp&s=95ebdd619af05e8757d3adc766eafe6ea12c0f5f,image_load_failed
fakeddit-0350286,https://preview.redd.it/847sb3tu70t21.jpg?width=320&crop=smart&auto=webp&s=27f3fadda6e54a052858df8fcd12fa0011c3cfa5,image_load_failed
fakeddit-0096871,https://external-preview.redd.it/oLb0bGEHEDOTRfkFeE_wievxSbGHY5zmGk28CyUSvwM.jpg?width=320&crop=smart&auto=webp&s=5586f6620f1e0d3019ff812184f9ac08cb156f8e,image_load_failed
fakeddit-0450037,https://preview.redd.it/cwd8afp64g111.png?width=320&crop=smart&auto=webp&s=e703bfdbbbd4766cc5d722a174c54b14856f00da,image_load_failed
fakeddit-0074589,https://preview.redd.it/i333uaraa7o31.jpg?width=320&crop=smart&auto=webp&s=0d98aef27df9490d6e0b538862502d043744e015,image_load_failed
fakeddit-0495245,https://preview.redd.it/cvto7f0i47111.jpg?width=320&crop=smart&auto=webp&s=c72e53a045fb7ac343c58ece751af5b2f313657d,image_load_failed
fakeddit-0486402,https://external-preview.redd.it/ESPM-tTuK3werLgfWG_wBsw_trUSDNU4bI5s2jVRAgQ.png?width=108&crop=smart&auto=webp&s=6bdf4d9c8ec6b3100f803c1cf0848f49a5aee344,image_load_failed
fakeddit-0045825,https://preview.redd.it/nk8j1tf3chd11.jpg?width=320&crop=smart&auto=webp&s=3d9cbdf2fc34f21c31c824c159f95f55d01f2e40,image_load_failed
fakeddit-0160781,https://preview.redd.it/snbzn7icwcd11.jpg?width=320&crop=smart&auto=webp&s=d0d53235d9515f2a14a4de8ed895ddf7ec519f30,image_load_failed
fakeddit-0081572,https://preview.redd.it/b5xxyzdcpvf31.jpg?width=320&crop=smart&auto=webp&s=32f1a9cac27c157e624366f116944c7fb2463499,image_load_failed
fakeddit-0013593,https://external-preview.redd.it/ESPM-tTuK3werLgfWG_wBsw_trUSDNU4bI5s2jVRAgQ.png?width=108&crop=smart&auto=webp&s=6bdf4d9c8ec6b3100f803c1cf0848f49a5aee344,image_load_failed
fakeddit-0391487,https://external-preview.redd.it/t2A13izt318kMpiRwxeZ-jtXC5bYU1pyVXNIxnw5FBE.png?width=320&crop=smart&format=pjpg&auto=webp&s=fedee1065b94c5c012e2a46484f168d5506c0e5f,image_load_failed
fakeddit-0199463,https://preview.redd.it/2uh3pr4ptkb31.jpg?width=320&crop=smart&auto=webp&s=a2c0aa384e6e7472faf6fc91d7a998adf34f1a61,image_load_failed
fakeddit-0073556,https://preview.redd.it/1ee00e3tdr931.jpg?width=320&crop=smart&auto=webp&s=efff065eaaec00ef5962e0ababe4e018386954f7,image_load_failed
fakeddit-0208667,https://preview.redd.it/lfdzirws0hz21.jpg?width=320&crop=smart&auto=webp&s=67ac7ea7532981e038482b747048b2ca5c28d085,image_load_failed
fakeddit-0136543,https://preview.redd.it/t4ounuzd0xh11.jpg?width=320&crop=smart&auto=webp&s=3ed7033c85bf8ac5b173ecabca79495d884f7acf,image_load_failed
fakeddit-0046529,https://preview.redd.it/gxak0uwoce011.jpg?width=320&crop=smart&auto=webp&s=9757254694ec5ce2120a58ddfdcdfb925be71ea3,image_load_failed
fakeddit-0241437,https://preview.redd.it/fsf888tfp6h21.jpg?width=320&crop=smart&auto=webp&s=1995f09eaa83464f36f9d8cd32105dec6c048141,image_load_failed
fakeddit-0543623,https://preview.redd.it/g05crrekinh31.jpg?width=320&crop=smart&auto=webp&s=21785a7b198045b8787a0a5fa97e88a4ea0477b6,image_load_failed
