row_id,error
78238,HTTPError('404 Client Error: Not Found for url: https://preview.redd.it/2l8bv5as78my.jpg?width=320&crop=smart&auto=webp&s=72cf939f9c06c97ad4fc45e9f85b744052bf8c0b')
83766,HTTPError('404 Client Error: Not Found for url: https://preview.redd.it/n2owoz7otjs21.gif?width=216&crop=smart&format=png8&s=14f93d35468425201994cbc8a89ea39010a1691b')
63943,HTTPError('404 Client Error: Not Found for url: https://preview.redd.it/4323qkuu0u111.jpg?width=320&crop=smart&auto=webp&s=2cf04038d7261ac260b2c75e264040589bd27ae4')
83689,HTTPError('404 Client Error: Not Found for url: https://preview.redd.it/libyy6zbdm0z.png?width=320&crop=smart&auto=webp&s=c81e8f0e08ebba21cb988b3e7d9af136ef6033e9')
80885,HTTPError('404 Client Error: Not Found for url: https://preview.redd.it/v8ytqv4vm4s01.jpg?width=320&crop=smart&auto=webp&s=16b2062b7bad19840d4fd73ad4f7f4d24f3e482d')
75892,HTTPError('404 Client Error: Not Found for url: https://external-preview.redd.it/6TQxhC3ftBkGe4L2bkcCoZoA_gSdkUWVy5O3WJUUzRs.png?width=320&crop=smart&auto=webp&s=62ff9276790d32a93bf23ee1c56eb5b6b5a6578e')
42523,HTTPError('404 Client Error: Not Found for url: https://i.redd.it/la3r5zuqhtd01.jpg')
2758,HTTPError('404 Client Error: Not Found for url: https://i.redd.it/oykb5xy867fz.jpg')
73170,HTTPError('404 Client Error: Not Found for url: https://preview.redd.it/uyeubtu4dbq21.jpg?width=320&crop=smart&auto=webp&s=e57fb79c99d767129e4b938257f034d7b5fbbc4b')
8667,HTTPError('404 Client Error: Not Found for url: https://preview.redd.it/32j6q5oanio31.jpg?width=320&crop=smart&auto=webp&s=2a9d2c1bb1df26fbdfb615e6ec99ba62d910a987')
103166,HTTPError('404 Client Error: Not Found for url: https://preview.redd.it/tho8m5lcr4631.jpg?width=320&crop=smart&auto=webp&s=deb1f041b441d5319b60b08b6a5949f55a858b86')
88261,HTTPError('404 Client Error: Not Found for url: https://preview.redd.it/ep6kqdvm9nm31.jpg?width=320&crop=smart&auto=webp&s=7ba6c021073237b69a92d0f3c7aa00f15ee1cc4b')
53387,HTTPError('404 Client Error: Not Found for url: https://preview.redd.it/vfxlw41ak3b31.jpg?width=320&crop=smart&auto=webp&s=5bf67cd7fcf9fbc808f6ab313f08d69aa0653c51')
20159,HTTPError('404 Client Error: Not Found for url: https://preview.redd.it/qxoga3lfbn131.jpg?width=320&crop=smart&auto=webp&s=12ab771d4033e81155d3d32a4cb8b2e7c519edb2')
78859,HTTPError('404 Client Error: Not Found for url: https://preview.redd.it/tb204vhnrko31.jpg?width=320&crop=smart&auto=webp&s=2341ee99b09466b47e96d023ab6d45db6ba7514e')
52357,HTTPError('404 Client Error: Not Found for url: https://preview.redd.it/cff5u0wginq21.jpg?width=320&crop=smart&auto=webp&s=1c4dc86bc3f0d558bef84237d74fedbf55bd3720')
108421,HTTPError('404 Client Error: Not Found for url: https://preview.redd.it/6jlcg9bwjqm21.jpg?width=320&crop=smart&auto=webp&s=07f6313f1294ab43b56e532c979dfed2916d15e1')
15801,UnidentifiedImageError('cannot identify image file <_io.BytesIO object at 0x158a0f1a0>')
85391,HTTPError('404 Client Error: Not Found for url: https://preview.redd.it/sztt2st3kr511.jpg?width=320&crop=smart&auto=webp&s=d874de35e38980445b7ac37ccd9e08480c293aac')
26633,HTTPError('404 Client Error: Not Found for url: https://preview.redd.it/t0xefu0y4hj31.jpg?width=320&crop=smart&auto=webp&s=6d13fe26028dd6e88754f4204c664b3eba8dd730')
